Open,Year,High,Month,Low,Close
42120,2016,42330,12,41700,41830
43000,2016,43220,12,42540,42660
43940,2016,43970,12,43270,43270
43140,2016,43700,12,43140,43620
43310,2016,43660,12,43090,43340
43660,2016,43840,12,43190,43480
43900,2016,44370,12,43610,44000
42910,2016,43630,12,42860,43620
42790,2016,43150,12,42740,43130
43350,2016,43550,12,42810,43130
43440,2016,43880,12,42550,43000
43300,2016,43440,12,42590,43090
43130,2016,43300,12,42630,43210
43950,2016,44000,12,42880,43130
41700,2016,42970,12,41150,42590
41480,2016,41560,12,40830,41100
40500,2016,41150,12,40420,40870
40350,2016,40500,12,39860,40150
40060,2016,40350,12,39690,39760
40300,2016,40660,12,39960,40660
40500,2016,41190,12,40320,40460
40300,2016,40340,11,39570,39570
40420,2016,40580,11,40100,40200
41260,2016,41440,11,40830,41260
41820,2016,42020,11,41220,41370
41300,2016,41760,11,41170,41730
39880,2016,40360,11,39660,40360
40210,2016,40270,11,39510,39970
39980,2016,40620,11,39900,40190
39200,2016,39710,11,39050,39280
39130,2016,39750,11,39110,39400
38600,2016,38980,11,38470,38570
37730,2016,38690,11,37680,38580
37590,2016,37940,11,37190,37600
36480,2016,37110,11,36000,36890
36920,2016,37220,11,33520,33680
36870,2016,37050,11,36410,36550
36020,2016,36710,11,36000,36640
35460,2016,35930,11,35360,35510
35450,2016,35940,11,35420,35540
35440,2016,36050,11,35310,35890
35690,2016,36030,10,35450,35460
36020,2016,36450,10,35980,35980
36250,2016,36370,10,35600,35770
36840,2016,36850,10,36380,36450
36500,2016,36940,10,36450,36850
36650,2016,36660,10,36000,36300
36350,2016,36850,10,36180,36300
34910,2016,36330,10,34910,36330
34900,2016,35050,10,34600,35020
34490,2016,34900,10,34210,34900
34710,2016,35030,10,34180,34210
33200,2016,35090,10,33200,34800
34000,2016,34290,10,33010,33150
33550,2016,34030,10,33380,33790
33580,2016,34040,10,33560,33920
33600,2016,33900,10,33400,33500
34200,2016,34460,10,34030,34040
34150,2016,34200,10,33600,33940
33300,2016,33950,10,33150,33490
32800,2016,32990,10,32580,32980
32030,2016,32490,9,31970,32290
32620,2016,32650,9,32140,32480
32400,2016,32440,9,31800,32040
32530,2016,32650,9,31860,32400
32780,2016,33350,9,32640,32710
32950,2016,33760,9,32810,33230
32370,2016,33190,9,31010,33000
33480,2016,33530,9,32480,32510
33990,2016,34400,9,33600,34360
34740,2016,34820,9,33930,34110
35400,2016,35540,9,34950,35080
35880,2016,36140,9,35560,35750
35930,2016,36180,9,35340,35470
36410,2016,36590,9,35970,36330
36700,2016,36750,9,36020,36410
36600,2016,36900,9,36220,36390
36990,2016,37310,9,36820,36860
36500,2016,37520,9,36480,37120
35750,2016,35900,9,35340,35700
36400,2016,36490,9,35680,35940
36500,2016,36750,8,36310,36340
36220,2016,36500,8,36210,36440
35910,2016,36480,8,35670,36450
35400,2016,35790,8,34780,35370
35400,2016,35890,8,34660,35460
36160,2016,36850,8,35470,35600
36680,2016,37050,8,36480,36580
37270,2016,37360,8,36910,36980
36950,2016,37590,8,36840,37150
36880,2016,37620,8,36450,36560
36740,2016,37170,8,36700,36970
37590,2016,37680,8,36500,36500
38140,2016,38230,8,37580,37630
37530,2016,38250,8,37120,38080
37600,2016,37860,8,36930,37000
37700,2016,38250,8,37180,37500
37800,2016,37950,8,37150,37880
35950,2016,36880,8,35670,36640
35200,2016,35530,8,34210,35500
34340,2016,35080,8,33900,34540
34330,2016,34580,8,33610,33640
33300,2016,34900,8,33110,34670
32230,2016,34150,7,32210,33430
33300,2016,33370,7,32850,32910
32880,2016,34240,7,32830,33630
33040,2016,33300,7,32360,32530
32630,2016,33350,7,32560,33170
33160,2016,33240,7,32530,32640
33420,2016,34450,7,33420,33720
33160,2016,33280,7,32750,32920
34500,2016,35000,7,33120,33700
31000,2016,32660,7,31000,32660
27750,2016,28010,7,27390,27660
28500,2016,28500,7,27675,28145
27750,2016,27995,7,27510,27800
26200,2016,26995,7,26105,26845
26020,2016,26145,7,25355,25445
26185,2016,26665,7,25910,26030
26000,2016,26070,7,25305,25900
27205,2016,27225,7,26460,26540
26800,2016,27920,7,26760,27705
27710,2016,27845,7,27155,27360
27905,2016,27980,6,27245,27300
27955,2016,27980,6,27480,27595
27000,2016,27730,6,26705,27455
26795,2016,27470,6,26325,27385
29525,2016,29925,6,26120,26295
28500,2016,29425,6,28375,29340
28465,2016,28550,6,27765,28230
28230,2016,28645,6,27800,28595
27940,2016,28695,6,27940,28395
27535,2016,27900,6,27435,27550
28390,2016,28865,6,27210,27260
28010,2016,28390,6,27750,28255
29060,2016,29190,6,28055,28330
29380,2016,29605,6,29050,29055
29950,2016,30270,6,29630,29815
30260,2016,30500,6,29855,29940
30030,2016,30450,6,29810,30450
30050,2016,30190,6,29710,29995
29420,2016,30200,6,29335,30090
29205,2016,30450,6,29100,30120
28800,2016,28800,6,28100,28180
29510,2016,29845,6,28880,28965
29195,2016,29995,5,29155,29885
29195,2016,29485,5,28905,29385
29700,2016,29725,5,28970,29000
29240,2016,29745,5,29135,29400
28165,2016,28830,5,28090,28740
27995,2016,28035,5,27515,27665
28520,2016,28610,5,27615,27965
28375,2016,28870,5,27930,28775
28800,2016,29065,5,28255,28475
28510,2016,28860,5,28135,28585
28750,2016,28945,5,28235,28660
28655,2016,28950,5,28050,28150
29380,2016,29380,5,28490,28500
28610,2016,29115,5,28205,29020
29395,2016,29520,5,28650,28750
29065,2016,29095,5,28160,28895
28195,2016,28670,5,28050,28610
28140,2016,28330,5,27355,28020
27685,2016,28260,5,27560,27945
31490,2016,32040,4,29160,29185
30550,2016,31290,4,30530,30980
30880,2016,31250,4,30150,30540
32110,2016,32490,4,31050,31140
30610,2016,32220,4,30610,31950
30500,2016,31280,4,30310,30890
30310,2016,30420,4,29180,29425
28985,2016,30020,4,28950,29870
28640,2016,28825,4,28030,28075
29000,2016,30250,4,28850,29615
29275,2016,29935,4,29140,29800
27500,2016,28825,4,27140,28695
26590,2016,27025,4,26320,26915
26620,2016,27090,4,26375,26815
27500,2016,27785,4,26395,26610
31880,2016,31880,4,30370,30490
31860,2016,32250,4,31550,31640
32970,2016,32990,4,31890,32020
33770,2016,34080,4,33300,33410
35800,2016,35940,4,33860,34070
36850,2016,36950,3,36020,36020
37040,2016,37050,3,36470,36500
35940,2016,36780,3,35390,36780
36690,2016,36760,3,36070,36150
36480,2016,36720,3,36270,36410
36690,2016,36900,3,36210,36240
36000,2016,36860,3,35900,36760
35760,2016,35900,3,35100,35660
35810,2016,35960,3,34840,35120
36280,2016,36810,3,35630,35850
36000,2016,36260,3,35660,35910
36680,2016,36950,3,36180,36270
35400,2016,36390,3,35400,36390
33400,2016,34850,3,33350,34590
34200,2016,34230,3,33840,34030
33900,2016,34150,3,33610,33690
34690,2016,34710,3,33940,34420
34810,2016,34810,3,34400,34490
34630,2016,34700,3,34210,34410
33330,2016,34660,3,33080,34530
32000,2016,33530,3,31970,33330
31390,2016,31620,3,30910,31310
31520,2016,31990,2,31280,31340
31770,2016,32420,2,31540,31540
31190,2016,31420,2,30760,31230
31700,2016,31800,2,31170,31320
32000,2016,32560,2,31630,31960
31130,2016,32240,2,31130,31760
31610,2016,31780,2,31040,31500
32500,2016,32520,2,31340,31960
32690,2016,32820,2,30720,31240
32710,2016,33530,2,32210,32810
33130,2016,33490,2,32520,33220
31870,2016,32770,2,31060,32390
33100,2016,33300,2,31820,32520
33590,2016,34050,2,32710,32870
34030,2016,35330,2,33710,35070
34750,2016,35070,2,34080,34590
36500,2016,36660,2,35270,35400
37470,2016,37880,2,36250,36620
37370,2016,37570,2,37030,37240
38610,2016,38710,2,37320,37670
37320,2016,39890,1,36660,38430
37090,2016,37730,1,36930,37120
37290,2016,38270,1,37170,37610
37000,2016,37120,1,36750,36990
37650,2016,38190,1,36790,37870
35700,2016,37710,1,35620,37420
35810,2016,36060,1,34540,34610
37470,2016,37480,1,35380,35650
36610,2016,37320,1,36410,37220
36370,2016,36980,1,35730,36730
38120,2016,38490,1,36810,37000
37290,2016,37800,1,36850,37640
37840,2016,38720,1,37740,38690
37210,2016,38050,1,37130,37630
36700,2016,38580,1,36180,38140
40000,2016,40500,1,39010,39050
40320,2016,41070,1,39850,40170
40360,2016,41230,1,40110,40430
42000,2016,42200,1,40450,40650
42300,2015,42700,12,41950,42640
42240,2015,42780,12,41860,42160
43240,2015,43350,12,42300,42590
43000,2015,43540,12,42850,43140
43920,2015,43920,12,43030,43050
43940,2015,44000,12,43120,43230
43650,2015,44240,12,42860,43750
45300,2015,47120,12,44030,44070
45490,2015,45790,12,44890,45180
44660,2015,44960,12,44010,44520
44800,2015,45050,12,43880,43980
44540,2015,44790,12,44310,44520
45190,2015,46270,12,45190,45940
45650,2015,45850,12,45300,45440
47110,2015,47300,12,46290,46610
47240,2015,47960,12,47030,47160
47470,2015,47860,12,47340,47520
47110,2015,47660,12,46560,46720
48110,2015,48310,12,47170,48210
49600,2015,49640,12,48910,48980
49880,2015,50080,12,49400,49890
49610,2015,49980,11,49430,49780
49390,2015,49840,11,49250,49640
48720,2015,49480,11,48710,49330
48240,2015,48500,11,47810,48480
48150,2015,48320,11,47980,48230
48400,2015,48500,11,47890,48210
48210,2015,48870,11,47730,48350
48000,2015,48400,11,47450,47480
47330,2015,47650,11,46950,47400
46460,2015,46770,11,46300,46440
47700,2015,47820,11,46900,47490
47350,2015,47890,11,47290,47880
47560,2015,48200,11,47300,47420
46550,2015,47650,11,46420,47600
46390,2015,46880,11,46250,46720
44920,2015,45430,11,44720,45400
44600,2015,44920,11,44160,44770
43920,2015,44870,11,43690,44350
43760,2015,44470,11,43150,43220
43400,2015,44560,10,42930,44380
44470,2015,44480,10,42960,43420
44060,2015,44190,10,43800,44130
44150,2015,44280,10,43650,43780
44480,2015,44500,10,43910,44000
43920,2015,44290,10,43730,43870
43200,2015,43700,10,43010,43220
43050,2015,44080,10,42990,43810
43310,2015,43520,10,42980,43200
43060,2015,43580,10,42940,43130
43330,2015,43680,10,43080,43400
42300,2015,43290,10,41830,42870
42000,2015,43530,10,41650,42730
43600,2015,43600,10,41970,42260
44440,2015,44910,10,43710,43900
49380,2015,49480,10,48350,48640
49750,2015,50190,10,48910,49800
50390,2015,50700,10,49580,50590
49260,2015,49940,10,49110,49730
49120,2015,49830,10,48600,48730
48370,2015,49940,10,48030,49300
47700,2015,48660,9,47280,48490
47140,2015,47370,9,46690,47150
46850,2015,47560,9,46400,47490
45410,2015,46800,9,45410,46800
45000,2015,46260,9,44660,45300
46710,2015,47245,9,46160,46160
47075,2015,47460,9,46665,47405
47550,2015,47885,9,45895,46375
46700,2015,47900,9,46655,47150
48060,2015,48250,9,46020,46365
46160,2015,47860,9,46060,47620
47625,2015,47995,9,45960,46925
46950,2015,49725,9,46260,49725
47155,2015,47270,9,45125,45170
46110,2015,47595,9,45270,46665
48150,2015,48345,9,46120,46465
49515,2015,49550,9,47510,47795
46845,2015,49595,9,46680,48400
48990,2015,49145,9,47480,47480
50430,2015,50640,8,48890,49265
50880,2015,51090,8,50070,50830
51000,2015,51380,8,49620,50290
47275,2015,50710,8,46210,50620
49900,2015,51450,8,47660,47975
51440,2015,52890,8,50120,50900
53130,2015,53680,8,52140,52170
53920,2015,54650,8,53250,54040
54130,2015,54740,8,53740,53860
55500,2015,55940,8,54400,54510
55390,2015,55620,8,55110,55500
55090,2015,55450,8,54470,54990
54880,2015,55720,8,54320,55510
55000,2015,55670,8,54000,54000
56540,2015,56760,8,55020,55550
56050,2015,57320,8,55910,56540
56430,2015,57080,8,56200,56700
58880,2015,58900,8,56920,57220
59580,2015,59960,8,58440,58480
60450,2015,61830,8,60360,61380
60820,2015,61280,8,60440,60740
61550,2015,61650,7,60670,61370
60800,2015,61970,7,60740,61930
59880,2015,60460,7,59480,60230
58050,2015,59460,7,57820,59370
57840,2015,58610,7,57520,58270
58900,2015,59080,7,58210,58250
58800,2015,60000,7,58700,59280
58510,2015,59180,7,58500,58790
57800,2015,59280,7,57580,59270
56840,2015,57440,7,56760,57220
56100,2015,56850,7,55900,56600
55840,2015,56070,7,55240,55670
55010,2015,55950,7,54780,55530
54000,2015,54690,7,53650,54530
56000,2015,56020,7,53740,54010
55200,2015,57460,7,54760,57460
56250,2015,56540,7,54810,55180
55920,2015,56250,7,55640,56250
54570,2015,55640,7,54320,54810
56130,2015,56280,7,54880,55740
57780,2015,58400,7,57200,57870
55850,2015,56660,7,55700,56610
54900,2015,55560,6,54530,55560
55500,2015,56180,6,54550,54560
56490,2015,56870,6,56130,56240
55390,2015,57000,6,55360,55970
55300,2015,55900,6,54900,55590
53960,2015,55080,6,53780,55080
52380,2015,53960,6,52350,53910
52340,2015,52570,6,52140,52170
52590,2015,52590,6,52080,52200
52550,2015,52720,6,52050,52560
52660,2015,53100,6,52340,52550
52320,2015,52770,6,52290,52740
53400,2015,53400,6,52440,52770
51390,2015,52980,6,51370,52980
50970,2015,51440,6,50580,51000
51390,2015,51580,6,50660,50660
51330,2015,51750,6,51250,51720
50690,2015,51060,6,50520,50960
51270,2015,51430,6,50640,50740
51250,2015,51270,6,50830,51030
51440,2015,51500,6,51030,51320
51120,2015,51440,6,50970,51250
50700,2015,51640,5,50550,51300
51270,2015,51490,5,50630,50970
50510,2015,50980,5,50460,50930
50750,2015,50950,5,50520,50880
50150,2015,50810,5,50150,50670
50010,2015,50400,5,49635,50300
50110,2015,50460,5,49995,50100
50280,2015,50630,5,50050,50200
49490,2015,50230,5,49250,50010
48505,2015,49130,5,48280,49035
48680,2015,48940,5,48410,48565
49055,2015,49150,5,48220,48275
48545,2015,49545,5,48130,49515
48250,2015,48620,5,47930,48335
47820,2015,48450,5,47660,48450
47100,2015,47790,5,47030,47120
47295,2015,47500,5,47015,47105
47205,2015,47830,5,47075,47590
48480,2015,48480,4,47295,47295
48600,2015,49145,4,48410,48930
48700,2015,48710,4,48050,48050
49225,2015,49435,4,48675,48705
49450,2015,49600,4,48965,49395
48830,2015,49340,4,48635,49245
48270,2015,48500,4,47730,48385
47600,2015,48310,4,47400,48075
48500,2015,48595,4,47750,47760
49220,2015,49270,4,48520,48600
49735,2015,49860,4,49030,49185
49835,2015,50080,4,49705,49805
50200,2015,50350,4,49750,50150
49500,2015,50650,4,49410,49700
47715,2015,48560,4,47685,48500
47380,2015,47580,4,47095,47580
47410,2015,47540,4,47020,47540
47395,2015,47620,4,47235,47300
47280,2015,47765,4,47200,47610
46865,2015,47280,4,46505,47115
47180,2015,47200,4,46410,46770
47500,2015,47585,3,46495,46495
46455,2015,47880,3,46430,47455
46610,2015,47280,3,45720,46225
46800,2015,47055,3,46210,46330
47125,2015,47255,3,46525,46925
47145,2015,47480,3,46865,46950
46900,2015,47275,3,46620,47145
45670,2015,46815,3,45670,46815
45585,2015,45930,3,45410,45475
46295,2015,46325,3,45760,46140
46810,2015,46845,3,46175,46200
46190,2015,46760,3,46160,46265
46165,2015,46520,3,45910,46275
45125,2015,45680,3,44840,45515
44190,2015,45395,3,44105,44920
45640,2015,45720,3,44255,44420
45680,2015,45885,3,45325,45340
46180,2015,46720,3,46015,46115
46010,2015,46285,3,45690,45690
45910,2015,46415,3,45770,46165
47000,2015,47035,3,46000,46040
46525,2015,47065,3,46300,46850
46150,2015,46665,2,46000,46330
45030,2015,46050,2,44940,45990
45000,2015,45195,2,44725,44905
44500,2015,45300,2,44440,45300
43545,2015,44455,2,43270,44355
43220,2015,43345,2,42810,42910
43780,2015,43970,2,43035,43065
43505,2015,43740,2,43325,43705
43850,2015,44040,2,43400,43505
44115,2015,44295,2,44000,44065
43940,2015,44250,2,43850,44005
44250,2015,44340,2,43870,44305
43615,2015,43690,2,43235,43435
44435,2015,44445,2,43900,43935
44175,2015,44270,2,43815,44005
43560,2015,43920,2,43425,43475
43100,2015,43890,2,42930,43850
43245,2015,43350,2,42055,42185
43400,2015,43740,2,43005,43055
44300,2015,44400,1,43720,44020
43165,2015,44220,1,43100,43675
42845,2015,43865,1,42720,43600
42870,2015,43380,1,42670,43160
41945,2015,42580,1,41900,42340
42970,2015,43095,1,42485,42645
42500,2015,42530,1,41800,42270
42800,2015,43090,1,42260,42385
41550,2015,42700,1,41455,42700
41850,2015,41900,1,41210,41530
41700,2015,41995,1,40610,41370
42270,2015,42945,1,41970,42945
43080,2015,43310,1,41860,41940
44060,2015,44295,1,43250,43575
45800,2015,46325,1,44350,44760
43650,2015,44550,1,43400,44405
43005,2015,43510,1,43005,43425
43365,2015,43745,1,43110,43255
43580,2015,44420,1,43295,44065
44800,2014,44975,12,44040,44040
45730,2014,45865,12,44205,44885
45650,2014,45700,12,45270,45330
45535,2014,45700,12,45425,45615
45155,2014,45880,12,44840,45830
44830,2014,44900,12,44440,44525
44330,2014,44730,12,44050,44730
42640,2014,43715,12,42525,43715
41700,2014,42080,12,41525,42070
41450,2014,41990,12,41335,41830
41525,2014,42765,12,41525,42295
42015,2014,42965,12,42015,42800
41705,2014,41995,12,41010,41910
42905,2014,43200,12,42150,42405
42825,2014,43620,12,42805,43415
43245,2014,43535,12,42930,43150
43250,2014,43520,12,43120,43240
44165,2014,44185,12,43500,43925
43300,2014,44385,12,43300,43795
43000,2014,43410,12,42950,43255
42715,2014,43540,12,42715,43425
42850,2014,43330,11,42730,43205
42260,2014,42850,11,42260,42625
42240,2014,42700,11,41940,42540
43175,2014,43370,11,42480,42570
42480,2014,43170,11,42110,43100
43470,2014,43495,11,42690,42845
43500,2014,43895,11,43000,43030
43025,2014,43590,11,42855,43535
43800,2014,43910,11,42215,42615
44665,2014,44730,11,43760,44205
43605,2014,44370,11,43110,44285
43670,2014,44350,11,43330,43480
41615,2014,43355,11,41580,43115
41800,2014,41900,11,41240,41430
42935,2014,42935,11,42100,42325
42750,2014,43335,11,41800,42235
41190,2014,42920,11,41100,42450
42465,2014,42485,11,41500,41500
38055,2014,40900,10,38015,40365
37145,2014,37715,10,37040,37680
36465,2014,37080,10,36280,36940
36700,2014,36875,10,36120,36135
37085,2014,37195,10,36810,36905
37000,2014,37050,10,36585,36745
36500,2014,37085,10,36460,36590
37085,2014,37160,10,36285,36840
37520,2014,37790,10,36625,36790
37445,2014,37940,10,37205,37905
37635,2014,37635,10,36570,36745
36575,2014,37145,10,36555,37020
37600,2014,37680,10,36960,37640
37500,2014,37740,10,36920,36930
38000,2014,38455,10,37000,37890
36875,2014,37845,10,36860,37255
36385,2014,36950,10,36365,36705
37355,2014,37490,10,36855,36965
37520,2014,37990,10,37260,37840
37810,2014,37880,10,36635,37370
36500,2014,36975,10,36260,36370
36615,2014,37210,10,36525,36780
36575,2014,36940,9,36520,36705
36795,2014,37050,9,36705,36810
36165,2014,36910,9,36160,36655
37000,2014,37170,9,36760,36865
35800,2014,36510,9,35755,36405
35880,2014,36270,9,35870,35970
35705,2014,36395,9,35655,36250
34640,2014,35065,9,34450,35005
34150,2014,34385,9,34075,34365
33505,2014,33950,9,33505,33795
34065,2014,34345,9,33900,34125
33695,2014,34185,9,33640,34135
33665,2014,33725,9,33415,33675
33960,2014,34070,9,33735,33900
34345,2014,34360,9,33845,33960
34375,2014,34400,9,34025,34035
33635,2014,34000,9,33550,33970
33910,2014,34250,9,33730,33735
32690,2014,33360,9,32615,33165
32685,2014,32700,9,32460,32540
32470,2014,32550,8,32220,32550
32905,2014,32935,8,32495,32665
33250,2014,33250,8,32970,33065
33310,2014,33355,8,32940,33000
33065,2014,33410,8,33055,33355
32885,2014,33150,8,32880,32900
32995,2014,33070,8,32900,32985
32825,2014,32935,8,32715,32800
33010,2014,33055,8,32845,32850
32900,2014,32985,8,32675,32695
33095,2014,33100,8,32885,33030
33000,2014,33160,8,32945,33005
32695,2014,32970,8,32655,32885
33000,2014,33220,8,32740,32885
33015,2014,33190,8,32685,33100
32800,2014,32990,8,32030,32105
33045,2014,33590,8,32970,33350
33480,2014,33810,8,33205,33320
33950,2014,34025,8,33520,33565
34010,2014,34285,8,33950,34075
34290,2014,34550,8,34105,34150
34395,2014,34740,7,34285,34405
33930,2014,34400,7,33920,33975
33610,2014,34055,7,33545,33970
32900,2014,33365,7,32835,33300
32360,2014,32785,7,32340,32750
32370,2014,32600,7,32180,32295
32350,2014,32465,7,32210,32280
32360,2014,32470,7,32225,32350
32375,2014,32580,7,32185,32355
32980,2014,33175,7,32860,32875
32960,2014,33020,7,32615,32890
32710,2014,33130,7,32710,33050
32875,2014,32945,7,32380,32760
32990,2014,33400,7,32555,32855
33235,2014,33685,7,33200,33505
33000,2014,33255,7,32800,33240
33380,2014,33535,7,33150,33220
33445,2014,33750,7,33310,33580
33740,2014,33750,7,33360,33420
33800,2014,33865,7,33330,33375
33520,2014,33775,7,33235,33335
33150,2014,33790,7,33030,33455
33635,2014,33790,6,33150,33330
34345,2014,34565,6,33400,33635
34550,2014,34645,6,34320,34590
34300,2014,34615,6,34215,34350
34280,2014,34895,6,34220,34700
34855,2014,34975,6,34635,34765
34325,2014,34770,6,34270,34415
33695,2014,34495,6,33530,34480
33330,2014,33785,6,33320,33605
33165,2014,33490,6,33140,33250
33610,2014,33835,6,32920,33150
32900,2014,34030,6,32900,33975
33925,2014,33940,6,33255,33510
34300,2014,34610,6,34110,34215
34780,2014,35170,6,34215,34335
35075,2014,35170,6,34870,34880
34995,2014,35045,6,34525,34820
34440,2014,34895,6,34400,34820
34840,2014,35010,6,34110,34320
34990,2014,35055,6,34700,34990
33960,2014,34675,6,33850,34480
34215,2014,34410,5,33420,33590
33600,2014,34095,5,33600,34015
33825,2014,34170,5,33530,34040
33420,2014,34030,5,33400,33825
33305,2014,33580,5,33265,33555
32600,2014,33150,5,32560,32990
31940,2014,32550,5,31805,32550
31365,2014,31620,5,31225,31450
31570,2014,31980,5,31535,31790
31930,2014,32050,5,31365,31395
31210,2014,31745,5,31120,31710
32050,2014,32240,5,31790,31855
32635,2014,33055,5,32445,32445
32120,2014,32790,5,32015,32680
31315,2014,31715,5,31275,31580
31360,2014,31630,5,31265,31470
31320,2014,31900,5,31320,31565
31600,2014,31670,5,30950,30950
31755,2014,32220,5,31750,32040
31800,2014,32220,5,31700,32100
32140,2014,32230,4,31685,31770
32390,2014,32595,4,32010,32140
32575,2014,33220,4,32440,32770
33295,2014,33465,4,32830,32875
33120,2014,33430,4,32815,33275
33805,2014,34095,4,32840,32860
33825,2014,34260,4,33665,33700
33730,2014,34155,4,33560,33710
33605,2014,33745,4,33120,33430
32920,2014,33950,4,32800,33950
33205,2014,33250,4,32505,32660
33120,2014,33140,4,32225,32795
34610,2014,34875,4,33030,33820
37700,2014,37795,4,36385,36710
37950,2014,38195,4,37250,37250
38070,2014,38770,4,37920,38220
37965,2014,38400,4,37905,37975
37960,2014,38685,4,37950,38665
37815,2014,38760,4,37700,38400
37400,2014,37935,4,36900,37730
37255,2014,37555,4,36960,36990
38005,2014,38165,3,37420,37435
37000,2014,38040,3,36975,37885
35715,2014,37265,3,35680,37170
36315,2014,36415,3,35850,35980
35985,2014,36305,3,35760,35925
35780,2014,36420,3,35320,36340
36605,2014,36650,3,35150,35405
35510,2014,36850,3,35235,36190
36110,2014,36250,3,35590,35590
35625,2014,35970,3,35425,35680
35740,2014,36075,3,35580,35850
37060,2014,37245,3,36565,36690
37160,2014,37250,3,36730,36760
37925,2014,38060,3,37600,37870
38170,2014,38645,3,37665,37690
38350,2014,38580,3,37955,38400
37070,2014,38125,3,36665,37650
36700,2014,37145,3,36600,36975
35780,2014,36070,3,35400,35890
34550,2014,35675,3,34550,35480
35605,2014,35700,2,34820,35050
35965,2014,35970,2,35360,35550
35785,2014,36670,2,35710,36180
36650,2014,36845,2,36305,36530
35300,2014,36080,2,35240,35995
34930,2014,35940,2,34900,35755
35230,2014,35375,2,34505,34525
35590,2014,36125,2,35490,35720
35290,2014,36685,2,34605,36265
34520,2014,35085,2,34425,34750
35625,2014,36030,2,34500,34600
36235,2014,36380,2,35600,35715
37600,2014,37795,2,36455,36630
36840,2014,37360,2,36620,37335
36480,2014,36520,2,36100,36260
35865,2014,36730,2,35805,35830
36705,2014,36895,2,35520,35960
36400,2014,36665,2,36000,36035
37410,2014,37580,2,37015,37185
39205,2014,39340,1,37500,38110
38670,2014,38815,1,37980,38765
38830,2014,39375,1,38700,39360
37895,2014,38130,1,37525,38130
37150,2014,37790,1,37120,37600
38135,2014,38475,1,37680,38215
39025,2014,39680,1,38740,38825
38500,2014,39070,1,38120,38840
38100,2014,39295,1,38100,39120
38300,2014,38400,1,37850,38005
38245,2014,39040,1,38200,38630
39210,2014,39500,1,38600,38820
39900,2014,39945,1,39215,39755
39050,2014,39800,1,38900,39015
40250,2014,41600,1,40200,41100
40450,2014,40550,1,39700,39800
40850,2014,41550,1,40750,41350
40200,2014,41250,1,40200,40500
42500,2014,42600,1,40900,40900
43400,2013,43800,12,42600,43400
43950,2013,44150,12,42650,43300
44800,2013,45350,12,43300,44050
42550,2013,44450,12,42350,44350
42800,2013,43300,12,42150,42350
40500,2013,41900,12,40500,41850
40150,2013,41050,12,39850,40750
37950,2013,39050,12,37900,39000
37850,2013,38300,12,37750,37950
38250,2013,38300,12,37350,37400
37000,2013,38400,12,37000,38100
37250,2013,37400,12,36700,37200
37600,2013,37900,12,37150,37700
38450,2013,38500,12,38000,38150
38300,2013,38750,12,38000,38700
36500,2013,37550,12,36500,37450
38050,2013,38350,12,36750,37000
38300,2013,38800,12,37800,38200
39350,2013,39450,12,38700,38950
38600,2013,39050,12,38400,38950
38650,2013,39600,11,38350,38800
38000,2013,39000,11,37950,38950
37250,2013,37700,11,36850,37650
37200,2013,37800,11,37150,37700
37400,2013,37950,11,37100,37700
37800,2013,38000,11,36750,36800
36400,2013,37350,11,36100,37100
36150,2013,36400,11,35800,35800
35550,2013,36000,11,35250,35950
36050,2013,36300,11,35300,35700
35050,2013,35750,11,34600,35600
33050,2013,34650,11,32950,34250
31800,2013,32650,11,31800,32550
30950,2013,32250,11,30850,32200
30900,2013,31000,11,30650,30800
30900,2013,31050,11,30350,30600
32400,2013,32550,11,31700,31750
31500,2013,32350,11,31400,32250
32800,2013,32850,11,32200,32500
33050,2013,33350,11,32400,32650
33700,2013,33800,10,32850,32850
33550,2013,34000,10,33400,33900
32700,2013,33100,10,32600,33000
32850,2013,33250,10,32600,33200
33050,2013,33350,10,32150,32150
33300,2013,33650,10,32600,33300
34650,2013,34700,10,33350,33500
34000,2013,34650,10,34000,34450
34050,2013,34300,10,33950,34200
33950,2013,34250,10,33700,33850
34450,2013,34600,10,33850,34150
34000,2013,34200,10,33650,33850
33650,2013,34350,10,33650,34200
33150,2013,33500,10,32700,33450
35300,2013,35350,10,34250,34550
34150,2013,34850,10,33850,34750
33950,2013,34600,10,33700,34550
35000,2013,35050,10,34000,34050
34750,2013,35200,10,34300,34600
34850,2013,35450,10,34550,35250
37150,2013,37250,10,35450,35550
37200,2013,37650,10,36950,37100
36800,2013,37350,9,36650,36850
37700,2013,38100,9,37400,37750
36750,2013,37800,9,36400,37600
36900,2013,37200,9,36350,36350
36550,2013,37300,9,36350,37200
36950,2013,37100,9,36600,36750
37000,2013,37200,9,36500,36900
35500,2013,36500,9,35450,36350
35650,2013,35750,9,35150,35200
35150,2013,35600,9,35000,35500
34900,2013,35650,9,34900,35300
34950,2013,35900,9,34750,34750
34400,2013,34800,9,34150,34750
34350,2013,34350,9,33800,34050
34500,2013,34500,9,32950,32950
34500,2013,34800,9,33900,34200
34050,2013,34100,9,33100,34050
33000,2013,34100,9,33000,34050
32050,2013,32900,9,31850,32750
32100,2013,32350,8,31700,31900
31300,2013,31800,8,31150,31800
30150,2013,31100,8,30050,30900
31300,2013,31800,8,31150,31300
32150,2013,32200,8,31600,31750
32050,2013,32450,8,31600,31850
31000,2013,31500,8,30600,31100
31350,2013,31550,8,30400,31300
31600,2013,32000,8,30950,31150
32350,2013,32450,8,31800,32200
31500,2013,32400,8,31200,32000
32500,2013,33050,8,31900,32100
32800,2013,33250,8,31950,33200
32000,2013,32650,8,31750,32650
31200,2013,31900,8,30750,31300
31950,2013,32450,8,31300,31650
32950,2013,34000,8,31900,32100
33650,2013,34150,8,32900,32900
34550,2013,35150,8,33600,35050
35300,2013,35600,8,34600,34700
34900,2013,35750,8,34800,35600
33050,2013,34200,8,33000,34200
33700,2013,33700,7,33000,33550
33800,2013,34550,7,33600,34400
34750,2013,35200,7,34100,34100
36150,2013,36600,7,35450,35450
36350,2013,36950,7,36200,36650
36450,2013,36600,7,36100,36300
36000,2013,37150,7,35950,36650
36800,2013,36900,7,35750,36450
37300,2013,37700,7,35500,36150
35950,2013,36900,7,35500,36750
35050,2013,35900,7,34950,35850
35750,2013,36450,7,34900,35300
36700,2013,37150,7,36000,36450
37400,2013,38750,7,37350,38700
37950,2013,38750,7,37250,38000
37150,2013,38500,7,36700,38450
37900,2013,38250,7,36750,36800
35900,2013,37000,7,35750,37000
34550,2013,35350,7,34400,35250
36000,2013,36250,7,34450,34800
33900,2013,35350,7,33800,35300
33500,2013,34000,7,32700,33900
31850,2013,33500,6,31300,33450
31000,2013,31650,6,30600,31500
31300,2013,31850,6,30450,30600
30500,2013,31100,6,29670,30500
32150,2013,32150,6,30100,30300
29210,2013,31950,6,29010,31050
29670,2013,30450,6,29220,29620
30350,2013,30700,6,29630,30300
29310,2013,30200,6,29120,29820
28500,2013,29800,6,27900,29740
28650,2013,29650,6,28540,28940
30350,2013,30550,6,28550,28550
30600,2013,31400,6,30100,31250
31900,2013,32500,6,31050,31250
32500,2013,32550,6,30600,32050
28990,2013,31350,6,28580,31100
30350,2013,30450,6,29210,29460
33950,2013,34100,6,29580,29920
32950,2013,33900,6,32000,33050
34600,2013,34600,6,32700,32700
34600,2013,35200,5,33650,34900
35750,2013,36100,5,33200,33200
38450,2013,38550,5,36800,37350
37100,2013,38950,5,36900,38100
36200,2013,37600,5,35600,37250
39550,2013,40200,5,35200,38300
42000,2013,44400,5,38100,38100
38600,2013,41500,5,38550,41400
38700,2013,38950,5,38250,38550
38750,2013,39200,5,38600,39200
38250,2013,38900,5,37700,38900
38750,2013,38850,5,37550,38250
39000,2013,39250,5,38250,38800
38300,2013,38400,5,37900,38000
37850,2013,38450,5,37550,38000
37400,2013,37600,5,36850,37300
36450,2013,36900,5,36250,36250
36400,2013,36900,5,36100,36250
36600,2013,37050,5,36000,36950
35950,2013,36100,5,35300,35350
35750,2013,36450,5,35500,36000
35600,2013,35850,4,34900,35700
34600,2013,35750,4,34350,35700
34050,2013,34450,4,33650,34100
33750,2013,34100,4,33650,34050
33950,2013,34150,4,33450,33500
33900,2013,34350,4,33550,34300
33950,2013,33950,4,33350,33500
33500,2013,34150,4,33300,33500
34050,2013,34400,4,33700,33950
32650,2013,34300,4,32550,33800
33550,2013,34200,4,33350,33350
33850,2013,34800,4,32650,34250
34200,2013,34550,4,33300,34550
33500,2013,34150,4,33300,33500
34900,2013,35200,4,33700,33750
35600,2013,36300,4,34900,35050
38000,2013,38350,4,34900,34900
34800,2013,35850,4,33600,35650
33500,2013,35800,4,33350,35650
30850,2013,31350,4,30300,31300
30850,2013,31350,4,30500,30650
30200,2013,30800,3,30000,30650
29970,2013,30250,3,29810,29930
30400,2013,30450,3,29700,30150
30150,2013,30600,3,30050,30150
30100,2013,30900,3,29940,30700
30200,2013,30400,3,29300,29330
30550,2013,30800,3,30200,30700
30050,2013,30250,3,29840,30100
29620,2013,29820,3,29290,29290
30300,2013,30650,3,30100,30400
29860,2013,30350,3,29850,30300
30100,2013,30350,3,29390,29550
30900,2013,31300,3,29990,30200
31450,2013,31500,3,30700,30900
29000,2013,31600,3,28950,31500
29440,2013,29650,3,28610,28690
27570,2013,29070,3,27530,28940
26370,2013,27100,3,26210,26770
25800,2013,25800,3,25130,25370
25170,2013,25630,3,25080,25380
25150,2013,25480,2,25050,25430
25100,2013,25240,2,24570,24580
25000,2013,25300,2,24920,24960
25660,2013,26000,2,25590,26000
24830,2013,25190,2,24510,25170
25360,2013,25470,2,24870,24910
25520,2013,25550,2,25320,25450
25200,2013,25590,2,25150,25320
25210,2013,25540,2,25050,25390
24780,2013,25290,2,24730,24860
24690,2013,25050,2,24570,24910
24900,2013,24970,2,24650,24680
24760,2013,24980,2,24500,24860
24210,2013,24750,2,24010,24070
24950,2013,25040,2,24600,24710
24790,2013,25310,2,24730,25200
24310,2013,24470,2,24110,24230
25170,2013,25260,2,24910,25020
24360,2013,24940,2,24230,24850
23570,2013,24080,1,23490,24080
23050,2013,23840,1,22950,23840
22690,2013,23130,1,22650,22850
23380,2013,23450,1,22900,22940
23050,2013,23210,1,22740,23210
22470,2013,22670,1,22270,22550
22650,2013,23070,1,22330,22330
22780,2013,23300,1,22730,22900
23490,2013,23500,1,22590,22590
23240,2013,23480,1,22910,23430
22700,2013,23190,1,22170,22740
23410,2013,23420,1,22710,22720
23860,2013,24090,1,23770,23820
22790,2013,23650,1,22790,23640
22800,2013,22940,1,22510,22560
22610,2013,22910,1,22600,22820
22690,2013,22950,1,22580,22910
22350,2013,22890,1,22150,22810
22500,2013,22530,1,22030,22200
21480,2012,21970,12,21450,21840
21300,2012,21560,12,21220,21270
20890,2012,21170,12,20640,21170
20350,2012,20770,12,20290,20770
20590,2012,20710,12,20050,20090
20800,2012,20880,12,20310,20370
21040,2012,21330,12,20820,21230
20610,2012,20840,12,20540,20830
20320,2012,20910,12,20220,20500
20060,2012,20120,12,19820,19920
19980,2012,20260,12,19890,20200
19800,2012,19860,12,19610,19790
19360,2012,19700,12,19340,19640
19290,2012,19460,12,19140,19420
19240,2012,19360,12,19120,19130
19200,2012,19420,12,19050,19250
18690,2012,19280,12,18690,19250
18950,2012,18990,12,18680,18690
18800,2012,19090,12,18730,19010
18600,2012,18800,11,18500,18720
18490,2012,18520,11,18250,18490
18460,2012,18640,11,18400,18430
18030,2012,18500,11,18030,18380
18000,2012,18220,11,17930,18030
17790,2012,17860,11,17640,17860
17600,2012,17670,11,17470,17620
17400,2012,17560,11,17220,17480
17400,2012,17490,11,17200,17420
17100,2012,17310,11,16990,17170
16800,2012,16920,11,16620,16910
16850,2012,16930,11,16680,16690
16980,2012,17170,11,16720,16760
16800,2012,16950,11,16700,16830
17050,2012,17170,11,16870,16870
17220,2012,17340,11,17040,17140
17480,2012,17530,11,17180,17380
17420,2012,17430,11,17220,17340
17350,2012,17410,11,17230,17310
17650,2012,17650,11,17420,17420
17700,2012,17710,11,17350,17440
17920,2012,18030,10,17780,17780
17890,2012,18080,10,17650,17690
17950,2012,18000,10,17760,17830
17940,2012,18020,10,17730,17770
17420,2012,17870,10,17410,17850
17030,2012,17590,10,16970,17400
17150,2012,17340,10,17150,17300
16880,2012,17120,10,16650,17080
17010,2012,17010,10,16830,16910
16650,2012,17070,10,16510,17010
16300,2012,16620,10,16140,16540
16100,2012,16250,10,16100,16190
16100,2012,16320,10,15810,16000
16700,2012,16700,10,15920,16040
17790,2012,17900,10,17580,17810
18300,2012,18400,10,18000,18040
18470,2012,18640,10,18280,18480
18300,2012,18500,10,18270,18470
18230,2012,18320,10,18060,18150
17760,2012,18300,10,17730,18180
17710,2012,17850,10,17500,17530
18120,2012,18260,10,17710,17790
18300,2012,18400,9,18150,18150
18100,2012,18150,9,17830,18120
18120,2012,18160,9,18010,18020
18110,2012,18430,9,18100,18190
17990,2012,18350,9,17830,18110
18210,2012,18220,9,17990,18060
18060,2012,18250,9,18000,18060
17580,2012,18250,9,17560,18050
18490,2012,18490,9,17470,17480
18580,2012,18840,9,18580,18790
18300,2012,18450,9,18220,18400
18180,2012,18340,9,18010,18310
17970,2012,18190,9,17930,18080
18050,2012,18160,9,17850,18030
18220,2012,18300,9,18110,18110
17900,2012,18080,9,17750,18010
17920,2012,18120,9,17780,17900
18200,2012,18260,9,17990,18080
18270,2012,18400,9,18140,18140
18070,2012,18370,8,18050,18270
18500,2012,18500,8,18200,18270
18500,2012,18540,8,18380,18520
18450,2012,18580,8,18340,18540
18250,2012,18340,8,18190,18300
18150,2012,18190,8,18060,18090
18110,2012,18400,8,18020,18350
17920,2012,18200,8,17910,18190
17920,2012,18080,8,17850,17920
17990,2012,18040,8,17890,17940
17980,2012,18050,8,17870,17920
17520,2012,17950,8,17410,17920
17400,2012,17450,8,17210,17400
17270,2012,17400,8,17260,17360
17200,2012,17370,8,17190,17250
17460,2012,17590,8,17210,17220
17220,2012,17680,8,17210,17610
16950,2012,17340,8,16950,17220
16630,2012,16900,8,16600,16840
16460,2012,16700,8,16420,16650
15850,2012,16490,8,15850,16300
16230,2012,16230,8,15720,15840
16050,2012,16310,8,16020,16270
15960,2012,16230,7,15950,16150
16070,2012,16100,7,15900,15980
16060,2012,16150,7,15920,15950
15890,2012,15930,7,15760,15910
15740,2012,15850,7,15620,15770
15800,2012,15940,7,15660,15840
16090,2012,16120,7,15660,15730
15980,2012,16340,7,15930,16090
15980,2012,16150,7,15850,15900
16170,2012,16170,7,15940,16000
15410,2012,16100,7,15400,16060
15210,2012,15520,7,15210,15330
15480,2012,15630,7,15250,15290
15320,2012,15460,7,15300,15430
15410,2012,15490,7,15280,15380
15280,2012,15630,7,15270,15400
15730,2012,15900,7,15670,15790
15810,2012,15880,7,15710,15780
15850,2012,15960,7,15770,15850
15560,2012,15750,7,15400,15720
16000,2012,16140,7,15920,15960
15560,2012,16000,6,15520,15880
15950,2012,15950,6,15620,15720
15550,2012,15790,6,15450,15790
15190,2012,15610,6,15170,15510
15200,2012,15390,6,15200,15310
15260,2012,15430,6,15210,15350
15360,2012,15540,6,15230,15460
15490,2012,15540,6,15180,15350
15600,2012,15610,6,15300,15390
15800,2012,15830,6,15550,15600
15410,2012,15560,6,15350,15490
15300,2012,15570,6,15270,15290
15270,2012,15560,6,15270,15500
15210,2012,15600,6,15140,15220
15580,2012,15620,6,15420,15500
15760,2012,15990,6,15210,15250
16450,2012,16530,6,16010,16030
16200,2012,16470,6,15830,16360
17000,2012,17010,6,16050,16060
17370,2012,17650,6,17300,17610
17490,2012,17830,6,17480,17770
17570,2012,17710,5,17240,17490
17670,2012,17990,5,17620,17890
17580,2012,17780,5,17440,17660
17400,2012,17740,5,17360,17590
16870,2012,17250,5,16760,17220
16760,2012,17000,5,16750,16820
17080,2012,17090,5,16580,16710
17180,2012,17270,5,16920,17200
16940,2012,17170,5,16810,17100
16480,2012,16880,5,16470,16670
16830,2012,16970,5,16610,16700
16840,2012,16980,5,16710,16820
16760,2012,17100,5,16670,16980
16540,2012,16970,5,16510,16820
16630,2012,16690,5,16410,16450
16880,2012,16880,5,16630,16640
17090,2012,17090,5,16850,16890
16890,2012,17230,5,16890,17150
16730,2012,17160,5,16670,16890
17650,2012,17670,5,17270,17500
17680,2012,17810,5,17510,17600
17830,2012,18070,4,17680,17930
17880,2012,17940,4,17580,17860
17950,2012,18160,4,17910,18060
17880,2012,18030,4,17630,17850
18460,2012,18480,4,17930,18060
18540,2012,18670,4,18500,18590
18620,2012,18750,4,18540,18690
18930,2012,18950,4,18570,18860
18520,2012,18760,4,18310,18600
18900,2012,18900,4,18540,18690
18270,2012,19020,4,18240,18970
17320,2012,17530,4,17230,17470
17340,2012,17420,4,17170,17210
17440,2012,17690,4,17350,17490
17420,2012,17630,4,17170,17350
17550,2012,17690,4,17390,17570
17680,2012,17980,4,17380,17440
18600,2012,18630,4,17800,17800
19020,2012,19080,4,18880,18880
18890,2012,19150,4,18870,19030
18550,2012,18860,3,18410,18860
18300,2012,18640,3,18220,18630
18350,2012,18430,3,18260,18350
18250,2012,18460,3,18160,18460
18120,2012,18180,3,17990,18050
18000,2012,18140,3,17940,18030
17950,2012,18180,3,17910,18180
17610,2012,18020,3,17610,18000
17720,2012,17790,3,17530,17700
17930,2012,17990,3,17640,17710
17950,2012,18040,3,17860,17910
18120,2012,18140,3,17860,17860
17700,2012,17980,3,17690,17780
17870,2012,17950,3,17580,17580
17780,2012,17800,3,17470,17660
17000,2012,17400,3,16920,17400
16780,2012,16950,3,16760,16790
17120,2012,17350,3,17000,17020
16940,2012,17210,3,16850,17080
16970,2012,17000,3,16810,16850
16770,2012,17070,3,16750,16960
16750,2012,17030,2,16710,16830
16390,2012,16720,2,16250,16720
16670,2012,16670,2,16300,16380
16700,2012,16730,2,16590,16680
16570,2012,16820,2,16540,16690
16450,2012,16670,2,16410,16610
16360,2012,16480,2,16230,16450
16840,2012,16840,2,16430,16450
16230,2012,16520,2,16150,16440
16120,2012,16180,2,15910,15970
15780,2012,16200,2,15740,16120
15500,2012,15770,2,15470,15710
15500,2012,15650,2,15320,15630
15680,2012,15680,2,15460,15470
15900,2012,15910,2,15630,15710
15790,2012,16030,2,15740,16000
15740,2012,15780,2,15560,15620
15600,2012,15830,2,15540,15810
15450,2012,15520,2,15290,15440
15440,2012,15480,2,15310,15470
15080,2012,15250,2,14930,15220
15020,2012,15200,1,15010,15150
15070,2012,15200,1,14910,15000
14760,2012,15030,1,14750,15030
14900,2012,15020,1,14860,14970
15100,2012,15100,1,14920,14920
14770,2012,15110,1,14740,15100
14630,2012,14790,1,14590,14720
14990,2012,14990,1,14680,14680
14980,2012,15060,1,14930,14950
14780,2012,15000,1,14740,14980
14640,2012,14820,1,14630,14750
14610,2012,14670,1,14530,14610
14740,2012,14780,1,14450,14770
14520,2012,14600,1,14330,14520
14360,2012,14750,1,14280,14590
13890,2012,14390,1,13860,14390
13990,2012,14030,1,13790,13850
13720,2012,13840,1,13600,13800
14050,2012,14050,1,13700,13720
